clientscript/vbulletin_global.js	https://web.archive.org/web/20070206083928id_/http://www.cdmaforums.com/forums/clientscript/vbulletin_global.js?v=364
images/buttons/collapse_tcat.gif	https://web.archive.org/web/20061206081835id_/http://images.vbulletin.com/images_vb3/buttons/collapse_tcat.gif
images/buttons/collapse_thead.gif	https://web.archive.org/web/20061206081903id_/http://images.vbulletin.com/images_vb3/buttons/collapse_thead.gif
images/buttons/lastpost.gif	https://web.archive.org/web/20070126064119id_/http://images.vbulletin.com/images_vb3/buttons/lastpost.gif
images/buttons/mode_hybrid.gif	https://web.archive.org/web/20060910034509id_/http://images.vbulletin.com/images_vb3/buttons/mode_hybrid.gif
images/buttons/mode_linear.gif	https://web.archive.org/web/20060910034643id_/http://images.vbulletin.com/images_vb3/buttons/mode_linear.gif
images/buttons/mode_threaded.gif	https://web.archive.org/web/20060910034844id_/http://images.vbulletin.com/images_vb3/buttons/mode_threaded.gif
images/buttons/newthread.gif	https://web.archive.org/web/20061110025429id_/http://images.vbulletin.com/images_vb3/buttons/newthread.gif
images/buttons/printer.gif	https://web.archive.org/web/20060910034445id_/http://images.vbulletin.com/images_vb3/buttons/printer.gif
images/buttons/quote.gif	https://web.archive.org/web/20070328112738id_/http://images.vbulletin.com/images_vb3/buttons/quote.gif
images/buttons/reply.gif	https://web.archive.org/web/20060910034824id_/http://images.vbulletin.com/images_vb3/buttons/reply.gif
images/buttons/sendtofriend.gif	https://web.archive.org/web/20060910034802id_/http://images.vbulletin.com/images_vb3/buttons/sendtofriend.gif
images/buttons/sortasc.gif	https://web.archive.org/web/20070707111636id_/http://www.vbulletin.com/forum/images/buttons/sortasc.gif
images/buttons/subscribe.gif	https://web.archive.org/web/20070622051500id_/http://www.vbulletin.com/forum/images/buttons/subscribe.gif
images/gradients/gradient_panel.gif	https://web.archive.org/web/20061206082229id_/http://images.vbulletin.com/images_tmp/gradients/gradient_panel.gif
images/gradients/gradient_panelsurround.gif	https://web.archive.org/web/20061206082144id_/http://images.vbulletin.com/images_tmp/gradients/gradient_panelsurround.gif
images/gradients/gradient_tcat.gif	https://web.archive.org/web/20061206082215id_/http://images.vbulletin.com/images_tmp/gradients/gradient_tcat.gif
images/gradients/gradient_thead.gif	https://web.archive.org/web/20061206082202id_/http://images.vbulletin.com/images_tmp/gradients/gradient_thead.gif
images/icons/icon4.gif	https://web.archive.org/web/20070622043257id_/http://images.vbulletin.com/images_vb3/icons/icon4.gif
images/misc/birthday.gif	https://web.archive.org/web/20061206081802id_/http://images.vbulletin.com/images_vb3/misc/birthday.gif
images/misc/multipage.gif	https://web.archive.org/web/20110712002211id_/http://images.vbulletin.com/images_vb3/misc/multipage.gif
images/misc/navbits_finallink.gif	https://web.archive.org/web/20070123040620id_/http://images.vbulletin.com/images_vb3/misc/navbits_finallink.gif
images/misc/navbits_start.gif	https://web.archive.org/web/20070123040725id_/http://images.vbulletin.com/images_vb3/misc/navbits_start.gif
images/misc/stats.gif	https://web.archive.org/web/20061206082035id_/http://images.vbulletin.com/images_vb3/misc/stats.gif
images/misc/sticky.gif	https://web.archive.org/web/20110830174225id_/http://images.vbulletin.com/images_vb3/misc/sticky.gif
images/misc/vbulletin3_logo_white.gif	https://web.archive.org/web/20070220180609id_/http://images.vbulletin.com/images_vb3/misc/vbulletin3_logo_white.gif
images/misc/whos_online.gif	https://web.archive.org/web/20061206081935id_/http://images.vbulletin.com/images_vb3/misc/whos_online.gif
images/reputation/reputation_highpos.gif	https://web.archive.org/web/20160318184753id_/http://www.vbulletin.org/forum/images/reputation/reputation_highpos.gif
images/reputation/reputation_pos.gif	https://web.archive.org/web/20060910034554id_/http://images.vbulletin.com/images_vb3/reputation/reputation_pos.gif
images/statusicon/forum_new.gif	https://web.archive.org/web/20061206082022id_/http://images.vbulletin.com/images_vb3/statusicon/forum_new.gif
images/statusicon/forum_old.gif	https://web.archive.org/web/20061206081722id_/http://images.vbulletin.com/images_vb3/statusicon/forum_old.gif
images/statusicon/forum_old_lock.gif	https://web.archive.org/web/20061206081921id_/http://images.vbulletin.com/images_vb3/statusicon/forum_old_lock.gif
images/statusicon/post_new.gif	https://web.archive.org/web/20071009190720id_/http://www.vbulletin.com/forum/images/statusicon/post_new.gif
images/statusicon/post_old.gif	https://web.archive.org/web/20060910034423id_/http://images.vbulletin.com/images_vb3/statusicon/post_old.gif
images/statusicon/subforum_old.gif	https://web.archive.org/web/20061206081742id_/http://images.vbulletin.com/images_vb3/statusicon/subforum_old.gif
images/statusicon/thread.gif	https://web.archive.org/web/20070707111602id_/http://www.vbulletin.com/forum/images/statusicon/thread.gif
images/statusicon/thread_hot.gif	https://web.archive.org/web/20070622051425id_/http://www.vbulletin.com/forum/images/statusicon/thread_hot.gif
images/statusicon/thread_hot_new.gif	https://web.archive.org/web/20070622050953id_/http://www.vbulletin.com/forum/images/statusicon/thread_hot_new.gif
images/statusicon/thread_lock.gif	https://web.archive.org/web/20070622051339id_/http://www.vbulletin.com/forum/images/statusicon/thread_lock.gif
images/statusicon/thread_new.gif	https://web.archive.org/web/20070622050947id_/http://www.vbulletin.com/forum/images/statusicon/thread_new.gif
images/statusicon/user_online.gif	https://web.archive.org/web/20071005141256id_/http://www.vbulletin.com/forum/images/statusicon/user_online.gif
